"0","library(dplyr)"
"0","library(plotly)"
"2","
Attaching package: ‘plotly’

"
"2","The following object is masked from ‘package:Hmisc’:

    subplot

"
"2","The following object is masked from ‘package:MASS’:

    select

"
"2","The following object is masked from ‘package:ggplot2’:

    last_plot

"
"2","The following object is masked from ‘package:stats’:

    filter

"
"2","The following object is masked from ‘package:graphics’:

    layout

"
"0","#library(corrplot)"
"0","library(Hmisc)"
"0","#library(officer)"
"0","library(xlsx)"
